topic,post_count,timestamp
Nuclear & Security Affairs,31,2026-05-21 17:47
Global Issues,45,2026-05-21 17:47
Security & Terrorism,62,2026-05-21 17:47
International Affairs,63,2026-05-21 17:47
Regional Conflicts,64,2026-05-21 17:47
Politics & Government,68,2026-05-21 17:47
Military & Defense,76,2026-05-21 17:47
Social Media & Public Opinion,79,2026-05-21 17:47
Energy & Commodities,104,2026-05-21 17:47
Diplomacy & Relations,383,2026-05-21 17:47
Global Issues,46,2026-05-21 15:38
Nuclear & Security Affairs,30,2026-05-21 15:38
Diplomacy & Relations,392,2026-05-21 15:38
Energy & Commodities,103,2026-05-21 15:38
Social Media & Public Opinion,79,2026-05-21 15:38
Military & Defense,74,2026-05-21 15:38
Politics & Government,67,2026-05-21 15:38
International Affairs,63,2026-05-21 15:38
Regional Conflicts,62,2026-05-21 15:38
Security & Terrorism,59,2026-05-21 15:38
Diplomacy & Relations,391,2026-05-21 11:55
Energy & Commodities,97,2026-05-21 11:55
Nuclear & Security Affairs,32,2026-05-21 11:55
Global Issues,46,2026-05-21 11:55
Security & Terrorism,59,2026-05-21 11:55
Regional Conflicts,60,2026-05-21 11:55
Politics & Government,62,2026-05-21 11:55
International Affairs,69,2026-05-21 11:55
Military & Defense,73,2026-05-21 11:55
Social Media & Public Opinion,86,2026-05-21 11:55
Politics & Government,59,2026-05-21 08:22
Regional Conflicts,63,2026-05-21 08:22
Global Issues,46,2026-05-21 08:22
Diplomacy & Relations,378,2026-05-21 08:22
Energy & Commodities,99,2026-05-21 08:22
Nuclear & Security Affairs,32,2026-05-21 08:22
Social Media & Public Opinion,87,2026-05-21 08:22
Military & Defense,78,2026-05-21 08:22
International Affairs,70,2026-05-21 08:22
Security & Terrorism,63,2026-05-21 08:22
Social Media & Public Opinion,81,2026-05-21 04:08
Global Issues,41,2026-05-21 04:08
Military & Defense,78,2026-05-21 04:08
Energy & Commodities,104,2026-05-21 04:08
Regional Conflicts,65,2026-05-21 04:08
Security & Terrorism,64,2026-05-21 04:08
Nuclear & Security Affairs,33,2026-05-21 04:08
Diplomacy & Relations,369,2026-05-21 04:08
International Affairs,75,2026-05-21 04:08
Politics & Government,65,2026-05-21 04:08
Social Media & Public Opinion,74,2026-05-20 23:55
Politics & Government,70,2026-05-20 23:55
International Affairs,76,2026-05-20 23:55
Energy & Commodities,107,2026-05-20 23:55
Military & Defense,75,2026-05-20 23:55
Diplomacy & Relations,366,2026-05-20 23:55
Nuclear & Security Affairs,32,2026-05-20 23:55
Regional Conflicts,64,2026-05-20 23:55
Security & Terrorism,66,2026-05-20 23:55
Global Issues,45,2026-05-20 23:55
Security & Terrorism,67,2026-05-20 22:17
Energy & Commodities,107,2026-05-20 22:17
Regional Conflicts,61,2026-05-20 22:17
Politics & Government,72,2026-05-20 22:17
Social Media & Public Opinion,70,2026-05-20 22:17
International Affairs,77,2026-05-20 22:17
Global Issues,43,2026-05-20 22:17
Military & Defense,76,2026-05-20 22:17
Diplomacy & Relations,370,2026-05-20 22:17
Nuclear & Security Affairs,32,2026-05-20 22:17
Nuclear & Security Affairs,30,2026-05-20 20:23
Regional Conflicts,63,2026-05-20 20:23
Social Media & Public Opinion,67,2026-05-20 20:23
Global Issues,42,2026-05-20 20:23
Military & Defense,77,2026-05-20 20:23
Energy & Commodities,107,2026-05-20 20:23
International Affairs,82,2026-05-20 20:23
Diplomacy & Relations,369,2026-05-20 20:23
Security & Terrorism,70,2026-05-20 20:23
Politics & Government,68,2026-05-20 20:23
Social Media & Public Opinion,70,2026-05-20 17:45
Energy & Commodities,110,2026-05-20 17:45
Regional Conflicts,66,2026-05-20 17:45
Politics & Government,66,2026-05-20 17:45
Nuclear & Security Affairs,29,2026-05-20 17:45
Diplomacy & Relations,372,2026-05-20 17:45
Military & Defense,71,2026-05-20 17:45
International Affairs,86,2026-05-20 17:45
Global Issues,38,2026-05-20 17:45
Security & Terrorism,67,2026-05-20 17:45
Social Media & Public Opinion,69,2026-05-20 14:19
Regional Conflicts,74,2026-05-20 14:19
Global Issues,38,2026-05-20 14:19
Diplomacy & Relations,373,2026-05-20 14:19
Politics & Government,61,2026-05-20 14:19
Security & Terrorism,59,2026-05-20 14:19
Nuclear & Security Affairs,27,2026-05-20 14:19
International Affairs,87,2026-05-20 14:19
Energy & Commodities,110,2026-05-20 14:19
Military & Defense,77,2026-05-20 14:19
Regional Conflicts,69,2026-05-20 11:35
Diplomacy & Relations,378,2026-05-20 11:35
Energy & Commodities,110,2026-05-20 11:35
Global Issues,38,2026-05-20 11:35
Politics & Government,60,2026-05-20 11:35
International Affairs,86,2026-05-20 11:35
Military & Defense,74,2026-05-20 11:35
Social Media & Public Opinion,68,2026-05-20 11:35
Security & Terrorism,63,2026-05-20 11:35
Nuclear & Security Affairs,29,2026-05-20 11:35
Military & Defense,77,2026-05-20 08:29
Politics & Government,64,2026-05-20 08:29
Energy & Commodities,110,2026-05-20 08:29
International Affairs,91,2026-05-20 08:29
Diplomacy & Relations,359,2026-05-20 08:29
Nuclear & Security Affairs,31,2026-05-20 08:29
Security & Terrorism,65,2026-05-20 08:29
Social Media & Public Opinion,71,2026-05-20 08:29
Regional Conflicts,68,2026-05-20 08:29
Global Issues,39,2026-05-20 08:29
Security & Terrorism,65,2026-05-20 04:54
International Affairs,86,2026-05-20 04:54
Politics & Government,66,2026-05-20 04:54
Military & Defense,71,2026-05-20 04:54
Global Issues,41,2026-05-20 04:54
Regional Conflicts,71,2026-05-20 04:54
Diplomacy & Relations,366,2026-05-20 04:54
Social Media & Public Opinion,68,2026-05-20 04:54
Nuclear & Security Affairs,36,2026-05-20 04:54
Energy & Commodities,105,2026-05-20 04:54
Social Media & Public Opinion,69,2026-05-20 00:11
Security & Terrorism,59,2026-05-20 00:11
Diplomacy & Relations,374,2026-05-20 00:11
Military & Defense,69,2026-05-20 00:11
Nuclear & Security Affairs,36,2026-05-20 00:11
Global Issues,39,2026-05-20 00:11
Regional Conflicts,67,2026-05-20 00:11
Politics & Government,65,2026-05-20 00:11
International Affairs,85,2026-05-20 00:11
Energy & Commodities,112,2026-05-20 00:11
International Affairs,85,2026-05-19 22:50
Social Media & Public Opinion,64,2026-05-19 22:50
Regional Conflicts,65,2026-05-19 22:50
Nuclear & Security Affairs,37,2026-05-19 22:50
Diplomacy & Relations,378,2026-05-19 22:50
Politics & Government,66,2026-05-19 22:50
Global Issues,39,2026-05-19 22:50
Military & Defense,70,2026-05-19 22:50
Security & Terrorism,58,2026-05-19 22:50
Energy & Commodities,113,2026-05-19 22:50
Military & Defense,70,2026-05-19 21:08
Energy & Commodities,115,2026-05-19 21:08
Nuclear & Security Affairs,38,2026-05-19 21:08
Diplomacy & Relations,372,2026-05-19 21:08
Social Media & Public Opinion,61,2026-05-19 21:08
Global Issues,41,2026-05-19 21:08
Security & Terrorism,59,2026-05-19 21:08
Politics & Government,64,2026-05-19 21:08
Regional Conflicts,65,2026-05-19 21:08
International Affairs,90,2026-05-19 21:08
Military & Defense,74,2026-05-19 19:29
Energy & Commodities,107,2026-05-19 19:29
Social Media & Public Opinion,66,2026-05-19 19:29
International Affairs,88,2026-05-19 19:29
Security & Terrorism,55,2026-05-19 19:29
Politics & Government,63,2026-05-19 19:29
Nuclear & Security Affairs,39,2026-05-19 19:29
Regional Conflicts,61,2026-05-19 19:29
Global Issues,38,2026-05-19 19:29
Diplomacy & Relations,384,2026-05-19 19:29
Nuclear & Security Affairs,37,2026-05-19 17:31
Diplomacy & Relations,386,2026-05-19 17:31
Regional Conflicts,64,2026-05-19 17:31
Social Media & Public Opinion,63,2026-05-19 17:31
Military & Defense,77,2026-05-19 17:31
Global Issues,43,2026-05-19 17:31
Security & Terrorism,52,2026-05-19 17:31
Politics & Government,62,2026-05-19 17:31
Energy & Commodities,110,2026-05-19 17:31
International Affairs,81,2026-05-19 17:31
Diplomacy & Relations,393,2026-05-19 15:03
International Affairs,83,2026-05-19 15:03
Security & Terrorism,51,2026-05-19 15:03
Global Issues,43,2026-05-19 15:03
Nuclear & Security Affairs,36,2026-05-19 15:03
Regional Conflicts,59,2026-05-19 15:03
Politics & Government,66,2026-05-19 15:03
Military & Defense,74,2026-05-19 15:03
Energy & Commodities,109,2026-05-19 15:03
Social Media & Public Opinion,61,2026-05-19 15:03
Regional Conflicts,62,2026-05-19 14:18
Social Media & Public Opinion,64,2026-05-19 14:18
Security & Terrorism,53,2026-05-19 14:18
Global Issues,41,2026-05-19 14:18
Diplomacy & Relations,391,2026-05-19 14:18
Energy & Commodities,105,2026-05-19 14:18
Nuclear & Security Affairs,36,2026-05-19 14:18
International Affairs,85,2026-05-19 14:18
Military & Defense,72,2026-05-19 14:18
Politics & Government,66,2026-05-19 14:18
Energy & Commodities,105,2026-05-19 11:25
Politics & Government,62,2026-05-19 11:25
Military & Defense,77,2026-05-19 11:25
Nuclear & Security Affairs,31,2026-05-19 11:25
Global Issues,42,2026-05-19 11:25
Regional Conflicts,61,2026-05-19 11:25
Security & Terrorism,56,2026-05-19 11:25
Diplomacy & Relations,387,2026-05-19 11:25
Social Media & Public Opinion,70,2026-05-19 11:25
International Affairs,84,2026-05-19 11:25
Nuclear & Security Affairs,34,2026-05-19 09:50
Military & Defense,76,2026-05-19 09:50
Diplomacy & Relations,389,2026-05-19 09:50
International Affairs,80,2026-05-19 09:50
Regional Conflicts,62,2026-05-19 09:50
Global Issues,44,2026-05-19 09:50
Security & Terrorism,57,2026-05-19 09:50
Social Media & Public Opinion,64,2026-05-19 09:50
Politics & Government,65,2026-05-19 09:50
Energy & Commodities,104,2026-05-19 09:50
Diplomacy & Relations,380,2026-05-19 07:54
Nuclear & Security Affairs,32,2026-05-19 07:54
International Affairs,77,2026-05-19 07:54
Security & Terrorism,62,2026-05-19 07:54
Social Media & Public Opinion,68,2026-05-19 07:54
Military & Defense,78,2026-05-19 07:54
Energy & Commodities,102,2026-05-19 07:54
Politics & Government,67,2026-05-19 07:54
Global Issues,44,2026-05-19 07:54
Regional Conflicts,65,2026-05-19 07:54
Energy & Commodities,100,2026-05-19 03:58
Regional Conflicts,67,2026-05-19 03:58
Diplomacy & Relations,375,2026-05-19 03:58
Social Media & Public Opinion,71,2026-05-19 03:58
Politics & Government,67,2026-05-19 03:58
Security & Terrorism,67,2026-05-19 03:58
International Affairs,74,2026-05-19 03:58
Global Issues,45,2026-05-19 03:58
Nuclear & Security Affairs,32,2026-05-19 03:58
Military & Defense,77,2026-05-19 03:58
Politics & Government,72,2026-05-18 23:48
Diplomacy & Relations,367,2026-05-18 23:48
International Affairs,75,2026-05-18 23:48
Security & Terrorism,66,2026-05-18 23:48
Social Media & Public Opinion,77,2026-05-18 23:48
Regional Conflicts,67,2026-05-18 23:48
Energy & Commodities,103,2026-05-18 23:48
Global Issues,42,2026-05-18 23:48
Military & Defense,75,2026-05-18 23:48
Nuclear & Security Affairs,31,2026-05-18 23:48
Politics & Government,72,2026-05-18 22:09
Security & Terrorism,67,2026-05-18 22:09
Regional Conflicts,69,2026-05-18 22:09
Diplomacy & Relations,366,2026-05-18 22:09
Global Issues,42,2026-05-18 22:09
Military & Defense,77,2026-05-18 22:09
Social Media & Public Opinion,76,2026-05-18 22:09
Nuclear & Security Affairs,32,2026-05-18 22:09
Energy & Commodities,101,2026-05-18 22:09
International Affairs,73,2026-05-18 22:09
Global Issues,41,2026-05-18 20:58
Energy & Commodities,101,2026-05-18 20:58
International Affairs,73,2026-05-18 20:58
Security & Terrorism,67,2026-05-18 20:58
Military & Defense,76,2026-05-18 20:58
Politics & Government,77,2026-05-18 20:58
Diplomacy & Relations,361,2026-05-18 20:58
Social Media & Public Opinion,76,2026-05-18 20:58
Nuclear & Security Affairs,31,2026-05-18 20:58
Regional Conflicts,72,2026-05-18 20:58
Regional Conflicts,65,2026-05-18 19:17
Military & Defense,62,2026-05-18 19:17
Security & Terrorism,56,2026-05-18 19:17
Politics & Government,68,2026-05-18 19:17
Nuclear & Security Affairs,26,2026-05-18 19:17
International Affairs,69,2026-05-18 19:17
Energy & Commodities,84,2026-05-18 19:17
Global Issues,38,2026-05-18 19:17
Diplomacy & Relations,294,2026-05-18 19:17
Social Media & Public Opinion,63,2026-05-18 19:17
Energy & Commodities,102,2026-05-18 17:21
Regional Conflicts,73,2026-05-18 17:21
Social Media & Public Opinion,70,2026-05-18 17:21
Military & Defense,79,2026-05-18 17:21
International Affairs,72,2026-05-18 17:21
Diplomacy & Relations,364,2026-05-18 17:21
Global Issues,47,2026-05-18 17:21
Nuclear & Security Affairs,22,2026-05-18 17:21
Security & Terrorism,68,2026-05-18 17:21
Politics & Government,78,2026-05-18 17:21
Nuclear & Security Affairs,24,2026-05-18 14:33
Military & Defense,80,2026-05-18 14:33
Regional Conflicts,75,2026-05-18 14:33
Security & Terrorism,67,2026-05-18 14:33
Global Issues,45,2026-05-18 14:33
Diplomacy & Relations,375,2026-05-18 14:33
Politics & Government,64,2026-05-18 14:33
Energy & Commodities,113,2026-05-18 14:33
Social Media & Public Opinion,66,2026-05-18 14:33
International Affairs,66,2026-05-18 14:33
International Affairs,64,2026-05-18 10:50
Regional Conflicts,69,2026-05-18 10:50
Social Media & Public Opinion,65,2026-05-18 10:50
Nuclear & Security Affairs,32,2026-05-18 10:50
Politics & Government,62,2026-05-18 10:50
Diplomacy & Relations,382,2026-05-18 10:50
Military & Defense,82,2026-05-18 10:50
Energy & Commodities,114,2026-05-18 10:50
Global Issues,48,2026-05-18 10:50
Security & Terrorism,57,2026-05-18 10:50
Nuclear & Security Affairs,34,2026-05-18 10:31
Security & Terrorism,59,2026-05-18 10:31
Global Issues,45,2026-05-18 10:31
Politics & Government,61,2026-05-18 10:31
Diplomacy & Relations,383,2026-05-18 10:31
International Affairs,62,2026-05-18 10:31
Energy & Commodities,115,2026-05-18 10:31
Regional Conflicts,71,2026-05-18 10:31
Military & Defense,79,2026-05-18 10:31
Social Media & Public Opinion,66,2026-05-18 10:31
Diplomacy & Relations,375,2026-05-18 06:19
International Affairs,66,2026-05-18 06:19
Social Media & Public Opinion,66,2026-05-18 06:19
Security & Terrorism,54,2026-05-18 06:19
Politics & Government,66,2026-05-18 06:19
Regional Conflicts,67,2026-05-18 06:19
Military & Defense,83,2026-05-18 06:19
Nuclear & Security Affairs,35,2026-05-18 06:19
Energy & Commodities,118,2026-05-18 06:19
Global Issues,45,2026-05-18 06:19
Energy & Commodities,114,2026-05-18 01:52
Regional Conflicts,70,2026-05-18 01:52
Social Media & Public Opinion,66,2026-05-18 01:52
Military & Defense,84,2026-05-18 01:52
Nuclear & Security Affairs,37,2026-05-18 01:52
Politics & Government,67,2026-05-18 01:52
Diplomacy & Relations,377,2026-05-18 01:52
International Affairs,61,2026-05-18 01:52
Security & Terrorism,55,2026-05-18 01:52
Global Issues,44,2026-05-18 01:52
Social Media & Public Opinion,69,2026-05-17 23:43
Nuclear & Security Affairs,36,2026-05-17 23:43
Military & Defense,85,2026-05-17 23:43
Security & Terrorism,55,2026-05-17 23:43
Diplomacy & Relations,372,2026-05-17 23:43
Politics & Government,65,2026-05-17 23:43
Energy & Commodities,114,2026-05-17 23:43
Global Issues,44,2026-05-17 23:43
International Affairs,63,2026-05-17 23:43
Regional Conflicts,72,2026-05-17 23:43
Nuclear & Security Affairs,35,2026-05-17 22:38
Military & Defense,86,2026-05-17 22:38
Regional Conflicts,71,2026-05-17 22:38
Energy & Commodities,114,2026-05-17 22:38
Diplomacy & Relations,375,2026-05-17 22:38
Security & Terrorism,58,2026-05-17 22:38
Politics & Government,61,2026-05-17 22:38
Global Issues,44,2026-05-17 22:38
International Affairs,63,2026-05-17 22:38
Social Media & Public Opinion,68,2026-05-17 22:38
Social Media & Public Opinion,69,2026-05-17 21:40
Regional Conflicts,73,2026-05-17 21:40
Politics & Government,60,2026-05-17 21:40
Diplomacy & Relations,373,2026-05-17 21:40
Military & Defense,85,2026-05-17 21:40
Global Issues,44,2026-05-17 21:40
Security & Terrorism,58,2026-05-17 21:40
Nuclear & Security Affairs,37,2026-05-17 21:40
International Affairs,62,2026-05-17 21:40
Energy & Commodities,114,2026-05-17 21:40
International Affairs,62,2026-05-17 20:06
Politics & Government,58,2026-05-17 20:06
Nuclear & Security Affairs,36,2026-05-17 20:06
Regional Conflicts,71,2026-05-17 20:06
Military & Defense,87,2026-05-17 20:06
Energy & Commodities,114,2026-05-17 20:06
Global Issues,44,2026-05-17 20:06
Social Media & Public Opinion,69,2026-05-17 20:06
Diplomacy & Relations,374,2026-05-17 20:06
Security & Terrorism,60,2026-05-17 20:06
Social Media & Public Opinion,69,2026-05-17 20:01
Security & Terrorism,60,2026-05-17 20:01
Military & Defense,86,2026-05-17 20:01
International Affairs,62,2026-05-17 20:01
Global Issues,44,2026-05-17 20:01
Energy & Commodities,117,2026-05-17 20:01
Nuclear & Security Affairs,37,2026-05-17 20:01
Diplomacy & Relations,372,2026-05-17 20:01
Politics & Government,57,2026-05-17 20:01
Regional Conflicts,71,2026-05-17 20:01
Global Issues,45,2026-05-17 19:54
Energy & Commodities,117,2026-05-17 19:54
Military & Defense,86,2026-05-17 19:54
Regional Conflicts,71,2026-05-17 19:54
International Affairs,62,2026-05-17 19:54
Diplomacy & Relations,372,2026-05-17 19:54
Security & Terrorism,61,2026-05-17 19:54
Politics & Government,56,2026-05-17 19:54
Social Media & Public Opinion,69,2026-05-17 19:54
Nuclear & Security Affairs,36,2026-05-17 19:54
Security & Terrorism,62,2026-05-17 18:40
Military & Defense,86,2026-05-17 18:40
International Affairs,59,2026-05-17 18:40
Social Media & Public Opinion,73,2026-05-17 18:40
Nuclear & Security Affairs,36,2026-05-17 18:40
Global Issues,41,2026-05-17 18:40
Politics & Government,58,2026-05-17 18:40
Regional Conflicts,71,2026-05-17 18:40
Diplomacy & Relations,374,2026-05-17 18:40
Energy & Commodities,115,2026-05-17 18:40
Energy & Commodities,116,2026-05-17 18:28
Politics & Government,58,2026-05-17 18:28
Diplomacy & Relations,371,2026-05-17 18:28
Nuclear & Security Affairs,35,2026-05-17 18:28
Global Issues,40,2026-05-17 18:28
Security & Terrorism,63,2026-05-17 18:28
Regional Conflicts,71,2026-05-17 18:28
Social Media & Public Opinion,74,2026-05-17 18:28
Military & Defense,86,2026-05-17 18:28
International Affairs,61,2026-05-17 18:28
Social Media & Public Opinion,70,2026-05-17 18:05
Nuclear & Security Affairs,34,2026-05-17 18:05
Military & Defense,87,2026-05-17 18:05
Global Issues,40,2026-05-17 18:05
Diplomacy & Relations,375,2026-05-17 18:05
Security & Terrorism,61,2026-05-17 18:05
Regional Conflicts,72,2026-05-17 18:05
Energy & Commodities,117,2026-05-17 18:05
International Affairs,62,2026-05-17 18:05
Politics & Government,57,2026-05-17 18:05
Regional Conflicts,3,2026-05-17 17:44
Diplomacy & Relations,11,2026-05-17 17:44
International Affairs,5,2026-05-17 17:44
Military & Defense,3,2026-05-17 17:44
Security & Terrorism,1,2026-05-17 17:44
Social Media & Public Opinion,1,2026-05-17 17:44
Global Issues,1,2026-05-17 17:44
